staffel_id,verband,gebiet,ligastufe,spielklasse,staffel,mannschaften,spiele_gesamt,tore_gesamt,punkte_gesamt,tabellenfuehrer,tabellenfuehrer_punkte,quelle
ffb1/2026,,,1,Frauen-Bundesliga,Frauen-Bundesliga,14,28,90,80,VfL Wolfsburg Frauen,12,OpenLigaDB
rlw-frauen/2026,,,3,Regionalliga West (Frauen),Regionalliga West (Frauen),16,9,33,26,1. FFC Recklinghausen,3,OpenLigaDB
03162371BG000006VS5489BTVU7GTVLE-G,Baden,Baden,4,Verbandsliga,bfv-Frauen-Verbandsliga · Baden,12,5,28,14,SC Klinge Seckach,3,fussball.de
0319LR9N1K000005VS5489BUVV628VP4-G,Bayern,Bayern,4,Bayernliga,Frauen Bayernliga,12,18,60,52,1. FC Nürnberg 2,9,fussball.de
0317AJDKH000000HVS5489BUVSBBVPEU-G,Berlin,Berlin,4,Verbandsliga,Frauen Berlin-Liga,14,21,98,59,Friedrichshagener SV,9,fussball.de
0316J4BA3C000002VS5489BTVU7GTVLE-G,Brandenburg,Brandenburg,4,Landesliga,Landesliga · Brandenburg,8,9,34,26,SV Grün-Weiss Brieselang,9,fussball.de
031FAGJE34000017VS5489BTVUS470OH-G,Bremen,Bremen,4,Verbandsliga,Verbandsliga - Hauptrunde · Bremen,8,13,67,38,SC Borgfeld,9,fussball.de
0314C5SDDO00000EVS5489BTVU7GTVLE-G,Hamburg,Hamburg,4,Verbandsliga,FOL Frauen-Oberliga Hamburg,12,24,108,70,Victoria 1.Fr.,12,fussball.de
031CO14DG400000FVS5489BTVUS470OH-G,Hessen,Hessen,4,Hessenliga,Frauen Hessenliga,13,28,100,78,SF BG Marburg,12,fussball.de
031JFG3C6S000005VS5489BUVVKNMR0J-G,Mecklenburg-Vorpommern,Mecklenburg-Vorpommern,4,Verbandsliga,Verbandsliga Frauen · Mecklenburg-Vorpommern,7,5,28,15,1. FC Neubrandenburg 04 (1:8),6,fussball.de
031DHDEQ90000003VS5489BUVUR5FS5A-G,Mittelrhein,Mittelrhein,4,Verbandsliga,Frauen-Mittelrheinliga,13,6,33,18,Deutz 05 I,3,fussball.de
031EETE59G00000CVS5489BUVUR5FS5A-G,Niederrhein,Niederrhein,4,Niederrheinliga,Frauen Niederrheinliga,14,18,80,53,TSV Solingen,9,fussball.de
03132M2LUO000006VS5489BTVU7GTVLE-G,Niedersachsen,Niedersachsen,4,Oberliga Niedersachsen,AOK-Frauenmeisterschaft Niedersachsen Ost,15,35,170,97,SG Rodenberg,15,fussball.de
03132M2M74000006VS5489BTVU7GTVLE-G,Niedersachsen,Niedersachsen,4,Oberliga Niedersachsen,AOK-Frauenmeisterschaft Niedersachsen West,14,29,116,86,BWS Tündern-Hastenbeck,13,fussball.de
031CBUK5UG000003VS5489BUVUR5FS5A-G,Rheinland,Rheinland,4,Rheinlandliga,Rheinlandliga,13,23,110,63,SV Holzbach,9,fussball.de
031AT6R77O000004VS5489BUVV628VP4-G,Saarland,Saarland,4,Verbandsliga,Verbandsliga · Saarland,12,22,121,64,1. FC Saarbrücken II,12,fussball.de
031DBH5SVO000000VS5489BUVUR5FS5A-G,Sachsen,Sachsen,4,Landesliga,Sachsenliga Frauen,12,16,66,47,1. FFC Fortuna Dresden,9,fussball.de
030BND22OG000004VS5489BTVTJUP7HP-G,Sachsen-Anhalt,Sachsen-Anhalt,4,Verbandsliga,Humanas Frauen-Verbandsliga · Sachsen-Anhalt,9,10,63,29,1. FC Magdeburg U23,6,fussball.de
0311J88R1O000006VS5489BUVVARDA0V-G,Schleswig-Holstein,Schleswig-Holstein,4,Oberliga Schleswig-Holstein,VR-Banken Oberliga · Schleswig-Holstein,12,25,106,69,SG Wilstermarsch,11,fussball.de
031DCM6EKO000005VS5489BTVUS470OH-G,Südbaden,Südbaden,4,Verbandsliga,Frauen Verbandsliga Südbaden,13,6,28,17,SG Marbach,3,fussball.de
0319RAI0D4000004VS5489BUVV628VP4-G,Südwest,Südwest,4,Verbandsliga,Frauen Verbandsliga Südwest,12,28,144,82,1. FC Kaiserslautern,15,fussball.de
031HD07908000004VS5489BTVVG7L386-G,Thüringen,Thüringen,4,Verbandsliga,Thüringenliga Staffel 1,5,5,42,15,ESV Lok Meiningen,6,fussball.de
031HD0I3L4000003VS5489BTVVG7L386-G,Thüringen,Thüringen,4,Verbandsliga,Thüringenliga Staffel 2,5,6,25,17,1. FFV Erfurt U23,6,fussball.de
031HD0R2RG000004VS5489BTVVG7L386-G,Thüringen,Thüringen,4,Verbandsliga,Thüringenliga Staffel 3,5,5,25,15,FC Carl Zeiss Jena III,6,fussball.de
0314GURVOK000012VS5489BUVSBBVPEU-G,Westfalen,Westfalen,4,Verbandsliga,Frauen-Westfalenliga,14,27,150,80,Borussia Dortmund II,12,fussball.de
031DO1QT3K00000CVS5489BUVUR5FS5A-G,Württemberg,Württemberg,4,Verbandsliga,Verbandsliga · Württemberg,12,6,24,17,TV Jebenhausen,3,fussball.de
0316219I2G00000CVS5489BTVU7GTVLE-G,Baden,Baden,5,Landesliga,bfv-Frauen Landesliga Baden,11,4,25,12,FV Ettlingenweier,3,fussball.de
031621LD9400000CVS5489BTVU7GTVLE-G,Baden,Baden,5,Landesliga,bfv-Frauen Landesliga KF St.1 · Baden,11,5,24,15,SpG Malsch / Durmersheim,3,fussball.de
031621LDE800000CVS5489BTVU7GTVLE-G,Baden,Baden,5,Landesliga,bfv-Frauen Landesliga KF St.2 · Baden,11,5,28,13,FV Hambrücken,3,fussball.de
031621LCQ000000CVS5489BTVU7GTVLE-G,Baden,Baden,5,Landesliga,bfv-Frauen Landesliga St. 1 · Baden,11,4,12,11,ATSV Mutschelbach 2,3,fussball.de
031621LCV400000BVS5489BTVU7GTVLE-G,Baden,Baden,5,Landesliga,bfv-Frauen Landesliga St. 2 · Baden,12,4,19,12,SG Hohensachsen 2,3,fussball.de
031621LD4400000CVS5489BTVU7GTVLE-G,Baden,Baden,5,Landesliga,bfv-Frauen Landesliga St. 3 · Baden,11,4,24,12,SpG Dielheim / Wiesloch,3,fussball.de
0319LIUD18000005VS5489BUVV628VP4-G,Bayern,Bayern,5,Landesliga,Frauen Landesliga Nord · Bayern,12,18,87,52,SV Thenried,9,fussball.de
0319LIUD90000005VS5489BUVV628VP4-G,Bayern,Bayern,5,Landesliga,Frauen Landesliga Süd · Bayern,12,18,74,52,SC Biberbach,9,fussball.de
0317AJEGF800000JVS5489BUVSBBVPEU-G,Berlin,Berlin,5,Landesliga,Frauen Landesliga · Berlin,13,15,85,40,SFC Stern 1900 II,9,fussball.de
031DE495N0000003VS5489BTVUS470OH-G,Brandenburg,Brandenburg,5,Landesklasse,Landesklasse Ost · Brandenburg,6,6,44,18,FSV Union Fürstenwalde,6,fussball.de
031DE2C0NO000003VS5489BTVUS470OH-G,Brandenburg,Brandenburg,5,Landesklasse,Landesklasse West · Brandenburg,6,6,40,16,SV Babelsberg 03 II,6,fussball.de
031FAQL8I000000AVS5489BTVUS470OH-G,Bremen,Bremen,5,Landesliga,Landesliga - Hauptrunde · Bremen,8,9,39,25,TV Eiche Horn II,7,fussball.de
0314C6O8LC00000FVS5489BTVU7GTVLE-G,Hamburg,Hamburg,5,Landesliga,FLL Landesliga Frauen · Hamburg,12,23,115,66,UH-Adler 1.Fr.,12,fussball.de
031CO20PGG00000FVS5489BTVUS470OH-G,Hessen,Hessen,5,Verbandsliga,Frauen VL Gr.Nord · Hessen,13,25,99,74,TSV Obermelsungen,12,fussball.de
031CO20P7C00000DVS5489BTVUS470OH-G,Hessen,Hessen,5,Verbandsliga,Frauen VL Gr.Süd · Hessen,12,21,103,61,FSG Schwalbach/Niederhöchstadt,15,fussball.de
031A8QCF10000008VS5489BTVSK8S3O6-G,Mecklenburg-Vorpommern,Kreis Schwerin-Nordwestmeckl.,5,Kreisoberliga,Frauen Kreisoberliga · Kreis Schwerin-Nordwestmeckl.,10,14,118,39,PSV Röbel-Müritz,9,fussball.de
031JQ4GAP4000003VS5489BUVVKNMR0J-G,Mecklenburg-Vorpommern,Kreis Vorpommern-Greifswald,5,Kreisoberliga,Kreisoberliga Frauen · Kreis Vorpommern-Greifswald,8,3,17,9,Greifswalder FC III,3,fussball.de
031AHIGF8G000008VS5489BUVV628VP4-G,Mecklenburg-Vorpommern,Kreis Warnow,5,Kreisoberliga,Frauen KFV Warnow KOL,7,0,0,0,Doberaner FC,0,fussball.de
031DHDD1L0000002VS5489BUVUR5FS5A-G,Mittelrhein,Mittelrhein,5,Landesliga,"Frauen-Landesliga, Staffel 1 · Mittelrhein",12,6,23,16,Spfr. Ippendorf,3,fussball.de
031DHDD1QC000002VS5489BUVUR5FS5A-G,Mittelrhein,Mittelrhein,5,Landesliga,"Frauen-Landesliga, Staffel 2 · Mittelrhein",12,6,33,17,Eintracht Kornelimünster,3,fussball.de
031EEUBQEO00000JVS5489BUVUR5FS5A-G,Niederrhein,Niederrhein,5,Landesliga,Landesliga Gruppe 1 · Niederrhein,14,18,78,52,DJK Arminia Klosterhardt,9,fussball.de
031EEUBQO400000KVS5489BUVUR5FS5A-G,Niederrhein,Niederrhein,5,Landesliga,Landesliga Gruppe 2 · Niederrhein,14,18,66,49,MSV Duisburg II. U23,7,fussball.de
031AHIK0EC000009VS5489BUVV628VP4-G,Niedersachsen,Bezirk Braunschweig,5,Landesliga,Frauen Landesliga Braunschweig,10,14,69,40,Eintracht Braunschweig II,9,fussball.de
031DQ9GU3O000005VS5489BTVUS470OH-G,Niedersachsen,Bezirk Hannover,5,Landesliga,Frauen Landesliga Hannover,12,18,70,49,1. FFC Hannover,7,fussball.de
0316TBGAE8000008VS5489BTVU7GTVLE-G,Niedersachsen,Bezirk Lüneburg,5,Landesliga,Frauen Landesliga Lüneburg,13,22,86,63,SV Eintracht Lüneburg,9,fussball.de
0318B33UGK00000CVS5489BTVU7GTVLE-G,Niedersachsen,Bezirk Weser-Ems,5,Landesliga,Frauen Landesliga Weser-Ems,13,24,111,71,SV Olympia Uelsen,12,fussball.de
031E53PO4G000004VS5489BTVUS470OH-G,Rheinland,Bezirk Rheinland,5,Bezirksliga,Bezirksliga 1 Frauen · Bezirk Rheinland,10,18,89,51,SV Hundsangen,10,fussball.de
031E5433VC000005VS5489BTVUS470OH-G,Rheinland,Bezirk Rheinland,5,Bezirksliga,Bezirksliga 2 Frauen · Bezirk Rheinland,10,18,109,51,DJK Watzerath,10,fussball.de
031BSNK0K0000005VS5489BTVUS470OH-G,Saarland,Saarland,5,Landesliga,Landesliga · Saarland,11,11,69,33,SV Göttelborn,6,fussball.de
031DBKN7HK000004VS5489BTVUS470OH-G,Sachsen,Sachsen,5,Landesklasse,Sachsenklasse Frauen Nord,12,15,96,42,SG LVB,6,fussball.de
031DBKCDVK000004VS5489BTVUS470OH-G,Sachsen,Sachsen,5,Landesklasse,Sachsenklasse Frauen Ost,10,15,74,42,TSV 1861 Spitzkunnersdorf,9,fussball.de
031DBL3A1G000004VS5489BTVUS470OH-G,Sachsen,Sachsen,5,Landesklasse,Sachsenklasse Frauen Süd/West,11,13,69,38,1. FFC Chemnitz,6,fussball.de
030BNDVH1C000000VS5489BTVTJUP7HP-G,Sachsen-Anhalt,Sachsen-Anhalt,5,Landesliga,Landesliga Nord · Sachsen-Anhalt,7,5,40,15,Germania Olvenstedt e.V. (flex),6,fussball.de
030BNE372O000003VS5489BTVTJUP7HP-G,Sachsen-Anhalt,Sachsen-Anhalt,5,Landesliga,Landesliga Süd · Sachsen-Anhalt,6,6,24,18,Hallescher FC 2,9,fussball.de
0311JA61C4000007VS5489BUVVARDA0V-G,Schleswig-Holstein,Schleswig-Holstein,5,Landesliga,Landesliga Holstein · Schleswig-Holstein,12,22,99,66,SV Boostedt,12,fussball.de
0311JA6138000007VS5489BUVVARDA0V-G,Schleswig-Holstein,Schleswig-Holstein,5,Landesliga,Landesliga Schleswig · Schleswig-Holstein,11,19,105,55,SV Farnewinkel-Nindorf,10,fussball.de
031A6I5C58000005VS5489BUVV628VP4-G,Südbaden,Südbaden,5,Landesliga,Landesliga Frauen Staffel 1 · Südbaden,12,6,23,18,SV Appenweier,3,fussball.de
031A6I5CE000000FVS5489BUVV628VP4-G,Südbaden,Südbaden,5,Landesliga,Landesliga Frauen Staffel 2 · Südbaden,11,5,27,15,SC Niederhof/Binzgen,3,fussball.de
031B53B82C000004VS5489BUVV628VP4-G,Südwest,Südwest,5,Landesliga,Frauen Landesliga Nord · Südwest,12,19,67,55,1. FC Nackenheim,12,fussball.de
031CH7VJNG000004VS5489BTVUS470OH-G,Südwest,Südwest,5,Landesliga,Frauen Landesliga Süd · Südwest,13,22,140,65,1. FFC Niederkirchen II,12,fussball.de
031CDUVGJO000007VS5489BUVUR5FS5A-G,Südwest,Südwest,5,Landesliga,Frauen Landesliga West · Südwest,11,18,76,52,SG VfR Kirn/SC Kirn-Sulzbach,10,fussball.de
031DS4P7V8000007VS5489BUVUR5FS5A-G,Thüringen,Kreis Erfurt-Sömmerda,5,Kreisoberliga,Frauen KOL St.1 · Kreis Erfurt-Sömmerda,7,6,22,18,SV Frohndorf/Orlishausen,6,fussball.de
031DS5KIMK000004VS5489BUVUR5FS5A-G,Thüringen,Kreis Erfurt-Sömmerda,5,Kreisoberliga,Frauen KOL St.2 · Kreis Erfurt-Sömmerda,6,5,42,15,SG FSV Einheit Eisenberg,6,fussball.de
0319T83L38000006VS5489BTVSK8S3O6-G,Thüringen,Kreis Nordthüringen,5,Kreisoberliga,Teamsport NDH Kreisoberliga · Kreis Nordthüringen,7,7,47,21,FSV Preußen Bad Langensalza,9,fussball.de
031DHN14CS000006VS5489BUVUR5FS5A-G,Thüringen,Kreis Rhön-Rennsteig,5,Kreisoberliga,Frauen Kreisoberliga Staffel Süd · Kreis Rhön-Rennsteig,7,1,1,3,SV 07 Häselrieth,3,fussball.de
031CG84VVO000006VS5489BTVUS470OH-G,Thüringen,Kreis Westthüringen,5,Kreisoberliga,KREISOBERLIGA FRAUEN · Kreis Westthüringen,8,5,30,14,FSV Rot-Weiss Tabarz,4,fussball.de
0314GV0PE000000TVS5489BUVSBBVPEU-G,Westfalen,Westfalen,5,Landesliga,IGA 2027 Frauen Landesliga Staffel 1 · Westfalen,14,28,135,80,Delbrücker SC,12,fussball.de
0314GV0PQ8000012VS5489BUVSBBVPEU-G,Westfalen,Westfalen,5,Landesliga,IGA 2027 Frauen Landesliga Staffel 2 · Westfalen,14,26,108,75,SpVgg Horsthausen,12,fussball.de
0314GV0Q5G00000RVS5489BUVSBBVPEU-G,Westfalen,Westfalen,5,Landesliga,IGA 2027 Frauen Landesliga Staffel 3 · Westfalen,14,20,85,58,SV Langenhorst Welbergen,9,fussball.de
031CQMSMOK00000CVS5489BUVUR5FS5A-G,Württemberg,Württemberg,5,Landesliga,Landesliga 1 · Württemberg,12,6,23,18,TSV Nellmersbach,3,fussball.de
031CQMSN14000007VS5489BUVUR5FS5A-G,Württemberg,Württemberg,5,Landesliga,Landesliga 2 · Württemberg,12,5,18,15,TSV Albeck I,3,fussball.de
0312Q1GS9G000003VS5489BTVU7GTVLE-G,,Deutschland,6,Regionalliga,Regionalliga Südwest,12,21,101,61,1. FC Saarbrücken,12,fussball.de
0316L6D12K000006VS5489BTVU7GTVLE-G,Baden,Kreis Mosbach,6,Kreisliga,bfv-Frauen Kreisliga MOS/BCH/TBB · Kreis Mosbach,4,0,0,0,SV Ballenberg,0,fussball.de
031DNDGVQC000006VS5489BTVUS470OH-G,Bayern,Bezirk Mittelfranken,6,Bezirksoberliga,Frauen BOL · Bezirk Mittelfranken,12,12,57,34,TSV Katzwang,6,fussball.de
0318D4JS3K00000AVS5489BUVSBBVPEU-G,Bayern,Bezirk Niederbayern,6,Bezirksoberliga,Frauen BOL · Bezirk Niederbayern,10,5,28,15,FC Alburg,3,fussball.de
031EVJ7C48000006VS5489BUVUR5FS5A-G,Bayern,Bezirk Oberbayern,6,Bezirksoberliga,Frauen BOL · Bezirk Oberbayern,11,5,18,13,FC Forstern II,3,fussball.de
031DRLDMBK000005VS5489BUVUR5FS5A-G,Bayern,Bezirk Oberfranken,6,Bezirksoberliga,Frauen BOL · Bezirk Oberfranken,12,18,89,53,Universitäts-Sportclub Bayreuth,9,fussball.de
0316VD0FOS000006VS5489BTVU7GTVLE-G,Bayern,Bezirk Oberpfalz,6,Bezirksoberliga,Frauen BOL · Bezirk Oberpfalz,10,10,49,28,SV Wilting (A),6,fussball.de
0316TGC1PG000006VS5489BTVU7GTVLE-G,Bayern,Bezirk Schwaben,6,Bezirksoberliga,Frauen BOL · Bezirk Schwaben,11,7,26,18,FC Augsburg 1,4,fussball.de
0319679CPO000057VS5489BTVSK8S3O6-G,Bayern,Bezirk Unterfranken,6,Bezirksoberliga,Frauen BOL · Bezirk Unterfranken,10,3,7,9,FC Würzburger Kickers 2,3,fussball.de
0317AJFCVG00000IVS5489BUVSBBVPEU-G,Berlin,Bezirk Berlin,6,Bezirksliga,Frauen Bezirksliga St.1 · Bezirk Berlin,14,21,127,58,Delay Sports Berlin,9,fussball.de
0317AJFD7800000LVS5489BUVSBBVPEU-G,Berlin,Bezirk Berlin,6,Bezirksliga,Frauen Bezirksliga St.2 · Bezirk Berlin,13,17,73,48,1.FFV Spandau,7,fussball.de
031CGDDNC800000JVS5489BUVUR5FS5A-G,Brandenburg,Kreis Dahme/Fläming,6,Kreisliga,Kreisliga · Kreis Dahme/Fläming,9,8,61,24,SG Südstern Senzig,6,fussball.de
031HTI8PTO000004VS5489BTVSRD0UH9-G,Brandenburg,Kreis Havelland,6,Kreisliga,Kreisliga Frauen (Kerstin Grothe-Benkenstein) · Kreis Havelland,11,10,71,30,UFK Potsdam 08 (7er),9,fussball.de
03142N5IIC00000CVS5489BUVSBBVPEU-G,Brandenburg,Kreis Oberhavel/Barnim,6,Kreisliga,Kreisliga Frauen · Kreis Oberhavel/Barnim,9,11,63,31,FC Falkenthaler Füchse,7,fussball.de
031CP5NH8S00000HVS5489BTVUS470OH-G,Brandenburg,Kreis Ostbrandenburg,6,Kreisliga,Kreisliga · Kreis Ostbrandenburg,9,8,36,22,Storkower SC,6,fussball.de
031JVGVNLO00000DVS5489BUVVKNMR0J-G,Brandenburg,Kreis Prignitz/Ruppin,6,Kreisliga,Kreisliga Frauen · Kreis Prignitz/Ruppin,10,7,62,20,SG Sieversdorf,6,fussball.de
031F55NRLC000004VS5489BUVSJ4CRAP-G,Brandenburg,Kreis Südbrandenburg,6,Kreisliga,SBB/NL-Frauen-Kreisliga · Kreis Südbrandenburg,13,15,48,42,SG Gießmannsdorf,7,fussball.de
031CS3DM5400000EVS5489BTVUS470OH-G,Brandenburg,Kreis Uckermark,6,Kreisliga,Kreisliga Frauen · Kreis Uckermark,8,5,38,15,FSV Rot-Weiß Prenzlau,6,fussball.de
031FARD6IK000018VS5489BTVUS470OH-G,Bremen,Bezirk Bremen,6,Bezirksliga,Bezirksliga - Hauptrunde · Bezirk Bremen,6,8,45,24,Habenhauser FV,9,fussball.de
0314CCB7IG000000VS5489BTVU7GTVLE-G,Hamburg,Bezirksebene Hamburg,6,Bezirksliga,FBZL 01 · Bezirksebene Hamburg,12,18,75,46,SV Eidelstedt 1.Fr.,9,fussball.de
0314CCB7QC00000FVS5489BTVU7GTVLE-G,Hamburg,Bezirksebene Hamburg,6,Bezirksliga,FBZL 02 · Bezirksebene Hamburg,12,18,97,53,HafenCity 1.Fr.,9,fussball.de
031CO2CTM400000EVS5489BTVUS470OH-G,Hessen,Region Frankfurt,6,Gruppenliga,Frauen Gruppenliga Süd-Ost · Region Frankfurt,12,19,105,55,FSG Hassia Dieburg/Semd,9,fussball.de
031CO2GG3O00000GVS5489BTVUS470OH-G,Hessen,Region Fulda,6,Gruppenliga,Frauen Gruppenliga Nord-Ost · Region Fulda,10,19,97,54,TSG Lütter II,10,fussball.de
031COEE52400000CVS5489BTVUS470OH-G,Hessen,Region Gießen / Marburg,6,Gruppenliga,Frauen GL Nord-West · Region Gießen / Marburg,9,12,55,36,SSV Sechshelden,9,fussball.de
031COEI21G000000VS5489BTVUS470OH-G,Hessen,Region Kassel,6,Gruppenliga,Frauen Gruppenliga Nord · Region Kassel,10,21,83,56,SG Flechtdorf-Ittertal,12,fussball.de
031E2AVBQ4000002VS5489BUVUR5FS5A-G,Hessen,Region Wiesbaden,6,Gruppenliga,Frauen Gruppenliga Süd-West · Region Wiesbaden,12,23,124,67,FC Eddersheim,12,fussball.de
031AHIHGPO00000AVS5489BUVV628VP4-G,Mecklenburg-Vorpommern,Kreis Warnow,6,Kreisliga,KL Frauen Warnow,6,0,0,0,BSG ScanHaus Marlow/SG Wöpkendorf,0,fussball.de
031DHCTJIS000006VS5489BUVUR5FS5A-G,Mittelrhein,Bezirk Mittelrhein,6,Bezirksliga,"Frauen-Bezirksliga, Staffel 1 · Bezirk Mittelrhein",12,5,22,15,SV Rot Weiß Hütte,3,fussball.de
031DHCTJQ0000006VS5489BUVUR5FS5A-G,Mittelrhein,Bezirk Mittelrhein,6,Bezirksliga,"Frauen-Bezirksliga, Staffel 2 · Bezirk Mittelrhein",12,6,26,16,Hellas FC Köln,3,fussball.de
031DHCTJV0000004VS5489BUVUR5FS5A-G,Mittelrhein,Bezirk Mittelrhein,6,Bezirksliga,"Frauen-Bezirksliga, Staffel 3 · Bezirk Mittelrhein",12,6,26,18,TV Konzen,3,fussball.de
031EF19OVG00000GVS5489BUVUR5FS5A-G,Niederrhein,Bezirk Niederrhein,6,Bezirksliga,Bezirksliga Gruppe 1 · Bezirk Niederrhein,14,21,107,63,SG Kaarst II.,9,fussball.de
031EF19P7O00000FVS5489BUVUR5FS5A-G,Niederrhein,Bezirk Niederrhein,6,Bezirksliga,Bezirksliga Gruppe 2 · Bezirk Niederrhein,14,22,81,60,Sportclub Krefeld 1905 II.,9,fussball.de
031EF19PEK000007VS5489BUVUR5FS5A-G,Niederrhein,Bezirk Niederrhein,6,Bezirksliga,Bezirksliga Gruppe 3 · Bezirk Niederrhein,14,22,96,63,FC Olympia Bocholt,9,fussball.de
031EF19PL800000DVS5489BUVUR5FS5A-G,Niederrhein,Bezirk Niederrhein,6,Bezirksliga,Bezirksliga Gruppe 4 · Bezirk Niederrhein,14,15,75,44,DJK 1928 Vierlinden,9,fussball.de
031AHK4JGK00000BVS5489BUVV628VP4-G,Niedersachsen,Bezirk Braunschweig,6,Bezirksliga,Frauen Bezirksliga Staffel Nord/Mitte · Bezirk Braunschweig,12,22,73,62,SG Isenbüttel/Meine,10,fussball.de
031AHK4JPK00000GVS5489BUVV628VP4-G,Niedersachsen,Bezirk Braunschweig,6,Bezirksliga,Frauen Bezirksliga Staffel Süd · Bezirk Braunschweig,10,12,55,33,FC Westharz,9,fussball.de
0313H0TSKC000004VS5489BUVSBBVPEU-G,Niedersachsen,Bezirk Hannover,6,Bezirksliga,Frauen Bezirksliga Hannover Staffel 1,13,15,55,44,TSV Krähenwinkel/Kaltenweide,7,fussball.de
0313H10RD0000004VS5489BUVSBBVPEU-G,Niedersachsen,Bezirk Hannover,6,Bezirksliga,Frauen Bezirksliga Hannover Staffel 2,13,17,99,51,SV Gehrden,9,fussball.de
0316TCP0QO000006VS5489BTVU7GTVLE-G,Niedersachsen,Bezirk Lüneburg,6,Bezirksliga,Frauen Bezirksliga Lüneburg Ost,12,19,113,56,SG Brietlingen/Erbstorf,9,fussball.de
0316TCPT6K000006VS5489BTVU7GTVLE-G,Niedersachsen,Bezirk Lüneburg,6,Bezirksliga,Frauen Bezirksliga Lüneburg West,12,24,81,69,SG Wohnste/Holvede/Ippensen,12,fussball.de
0313O7G2CO000009VS5489BUVSBBVPEU-G,Niedersachsen,Bezirk Weser-Ems,6,Bezirksliga,Frauen Bezirksliga Weser-Ems Mitte,12,23,108,66,SG Großenmeer/Bardenfleth/Elsfleth,12,fussball.de
0313O7G2TC00000BVS5489BUVSBBVPEU-G,Niedersachsen,Bezirk Weser-Ems,6,Bezirksliga,Frauen Bezirksliga Weser-Ems Nord,12,22,97,64,TuS Obenstrohe Damen,12,fussball.de
0313O7G2LS00000BVS5489BUVSBBVPEU-G,Niedersachsen,Bezirk Weser-Ems,6,Bezirksliga,Frauen Bezirksliga Weser-Ems Süd,12,18,101,51,Osnabrücker SC,10,fussball.de
031GIKVLV8000006VS5489BTVVG7L386-G,Rheinland,Kreis Eifel,6,Kreisklasse,Frauen-Kreisklasse 3 · Kreis Eifel,8,14,105,42,FSG Eifelhöhe Müllenbach,12,fussball.de
031GIKB0P8000003VS5489BTVVG7L386-G,Rheinland,Kreis Rhein/Ahr,6,Kreisklasse,Frauen-Kreisklasse 2 · Kreis Rhein/Ahr,9,14,98,42,FV Vilja Wehr,12,fussball.de
031GILDB80000007VS5489BTVVG7L386-G,Rheinland,Kreis Trier/Saarburg,6,Kreisklasse,Frauen-Kreisklasse 4 · Kreis Trier/Saarburg,8,12,95,36,FSG Schöndorf (9er),12,fussball.de
031GIJJ1E4000006VS5489BTVVG7L386-G,Rheinland,Kreis Westerwald/Sieg,6,Kreisklasse,Frauen-Kreisklasse 1 · Kreis Westerwald/Sieg,9,12,78,36,FSG Eichelhardt/Ingelbach,9,fussball.de
031C3V02R0000004VS5489BUVUR5FS5A-G,Saarland,Bezirk Saarland,6,Bezirksliga,Bezirksliga Vorrunde · Bezirk Saarland,13,14,73,41,SV Victoria St. Wendel,9,fussball.de
03171VKFFG000009VS5489BTVU7GTVLE-G,Sachsen,Kreis Dresden,6,Kreisoberliga,Stadtloberliga · Kreis Dresden,10,15,91,42,Serkowitzer FSV 2,9,fussball.de
031JVGRBCK000004VS5489BTVSRD0UH9-G,Sachsen,Kreis Leipzig,6,Kreisoberliga,Stadtklasse Frauen · Kreis Leipzig,12,15,102,44,SG LVB III / U21-Juniorinnen,9,fussball.de
0319R4CO10000004VS5489BTVSK8S3O6-G,Sachsen,Kreis Leipzig,6,Kreisoberliga,Stadtliga Frauen · Kreis Leipzig,9,11,57,33,FSV Alemannia Geithain,9,fussball.de
031LHJG0TG000004VS5489BUVVKNMR0J-G,Sachsen,Kreis Sächs.Schweiz/Osterzgeb.,6,Kreisoberliga,Kreisoberliga · Kreis Sächs.Schweiz/Osterzgeb.,10,11,52,30,SpG TSV Kreischa / SG Empor Possendorf,7,fussball.de
031JIUQGOG000005VS5489BTVSRD0UH9-G,Schleswig-Holstein,Kreis Kiel,6,Kreisliga,Frauen Kreisliga Mitte-Ost · Kreis Kiel,11,14,81,41,MTSV Olympia Neumünster,9,fussball.de
031CHKPPM0000004VS5489BTVUS470OH-G,Schleswig-Holstein,Kreis Lübeck,6,Kreisliga,Kreisliga Süd · Kreis Lübeck,11,15,85,41,VfB Lübeck,9,fussball.de
031JRC0OTC000004VS5489BTVSRD0UH9-G,Schleswig-Holstein,Kreis Rendsburg-Eckernförde,6,Kreisliga,Kreisliga Nord-Ost RD-Eck · Kreis Rendsburg-Eckernförde,11,14,77,38,Athletika Nord,8,fussball.de
031JUIT5PG000004VS5489BUVVKNMR0J-G,Schleswig-Holstein,Kreis Schleswig-Flensburg,6,Kreisliga,Frauen Kreisliga Nord · Kreis Schleswig-Flensburg,11,11,76,32,PSV Flensburg,6,fussball.de
031KUBKDGG000004VS5489BUVVKNMR0J-G,Schleswig-Holstein,Kreis Westküste,6,Kreisliga,Staffel 4 West (WK) · Kreis Westküste,11,7,33,21,SSV Sarzbüttel,6,fussball.de
031D6VSN08000003VS5489BTVUS470OH-G,Südbaden,Bezirk Baden-Baden,6,Bezirksliga,Bezirksliga Frauen · Bezirk Baden-Baden,10,0,0,0,1.SV Mörsch,0,fussball.de
0319TNMOVK00000DVS5489BUVV628VP4-G,Südbaden,Bezirk Bodensee,6,Bezirksliga,Frauen Bezirksliga Bodensee,8,0,0,0,FC Hilzingen,0,fussball.de
031GV5FSUS000000VS5489BUVSJ4CRAP-G,Südbaden,Bezirk Freiburg,6,Bezirksliga,Frauen Bezirksliga · Bezirk Freiburg,11,4,18,12,FC Weisweil,3,fussball.de
031LQS1KR4000006VS5489BTVSRD0UH9-G,Südbaden,Bezirk Hochrhein,6,Bezirksliga,Frauen Bezirksliga Hochrhein,10,5,18,15,SG Hausen-Hauingen-Nollingen 2,3,fussball.de
031LQS1L5K000005VS5489BTVSRD0UH9-G,Südbaden,Bezirk Hochrhein,6,Bezirksliga,Frauen Bezirksliga Ost · Bezirk Hochrhein,8,0,0,0,FC Dachsberg (7er),0,fussball.de
031LQS1L14000005VS5489BTVSRD0UH9-G,Südbaden,Bezirk Hochrhein,6,Bezirksliga,Frauen Bezirksliga West · Bezirk Hochrhein,7,0,0,0,FC Bernau,0,fussball.de
031DQNQB5K000005VS5489BUVUR5FS5A-G,Südbaden,Bezirk Offenburg,6,Bezirksliga,Frauen Bezirksliga · Bezirk Offenburg,6,0,0,0,SG Gengenbach/Zell/Fischerbach 2,0,fussball.de
031I7GF1OG000004VS5489BUVVKNMR0J-G,Südbaden,Bezirk Schwarzwald,6,Bezirksliga,Frauen Bezirksliga · Bezirk Schwarzwald,10,0,0,0,FC07 Furtwangen,0,fussball.de
031EV7TSU8000003VS5489BTVUS470OH-G,Südwest,Südwest,6,Bezirksliga (Verband),Frauen Bezirksliga Mitte · Südwest,7,9,55,26,SG Freinsheim - Leistadt II 9er (flex),10,fussball.de
031EQKKBO8000003VS5489BUVUR5FS5A-G,Südwest,Südwest,6,Bezirksliga (Verband),Frauen Bezirksliga Nord · Südwest,5,5,25,14,FMSG Bretzenheim/Waldböckelheim,9,fussball.de
031CHR0AM0000004VS5489BTVUS470OH-G,Südwest,Südwest,6,Bezirksliga (Verband),Frauen Bezirksliga Süd · Südwest,5,2,6,6,FC Phönix 21 Bellheim /Südwestgirls II / 9er,6,fussball.de
031DELDGM4000003VS5489BUVUR5FS5A-G,Südwest,Südwest,6,Bezirksliga (Verband),Frauen Bezirksliga West · Südwest,8,12,71,35,1. FC Kaiserslautern 2,12,fussball.de
0314GV3FRK000010VS5489BUVSBBVPEU-G,Westfalen,Bezirk Westfalen,6,Bezirksliga,Frauen Bezirksliga Staffel 1 · Bezirk Westfalen,14,24,87,70,Spvg Steinhagen II,12,fussball.de
0314GV3G6S00000CVS5489BUVSBBVPEU-G,Westfalen,Bezirk Westfalen,6,Bezirksliga,Frauen Bezirksliga Staffel 2 · Bezirk Westfalen,14,26,127,75,SV DJK BW Kleinenberg,10,fussball.de
0314GV3GHC000013VS5489BUVSBBVPEU-G,Westfalen,Bezirk Westfalen,6,Bezirksliga,Frauen Bezirksliga Staffel 3 · Bezirk Westfalen,14,27,156,78,FC SW Silschede,10,fussball.de
0314GV3GS800000SVS5489BUVSBBVPEU-G,Westfalen,Bezirk Westfalen,6,Bezirksliga,Frauen Bezirksliga Staffel 4 · Bezirk Westfalen,14,26,143,74,GW Hausdülmen,12,fussball.de
0314GV3H4S00000OVS5489BUVSBBVPEU-G,Westfalen,Bezirk Westfalen,6,Bezirksliga,Frauen Bezirksliga Staffel 5 · Bezirk Westfalen,14,28,115,79,FC Bochum 10/21,12,fussball.de
0314GV3HCK00000NVS5489BUVSBBVPEU-G,Westfalen,Bezirk Westfalen,6,Bezirksliga,Frauen Bezirksliga Staffel 6 · Bezirk Westfalen,14,28,156,79,SG Heek / Oldenburg,10,fussball.de
031E2OTJEK00000EVS5489BUVUR5FS5A-G,Württemberg,Württemberg,6,Regionenliga,Regionenliga 1 · Württemberg,13,6,21,17,Sportverein Heilbronn am Leinbach,3,fussball.de
031E2OTJNK00000DVS5489BUVUR5FS5A-G,Württemberg,Württemberg,6,Regionenliga,Regionenliga 2 · Württemberg,11,5,22,14,SGM SV Rieden/Michelbach-Bilz/Tüngental,3,fussball.de
031E2OTJUO000009VS5489BUVUR5FS5A-G,Württemberg,Württemberg,6,Regionenliga,Regionenliga 3 · Württemberg,12,6,35,17,TSV Deizisau,3,fussball.de
031E2OTK5S00000BVS5489BUVUR5FS5A-G,Württemberg,Württemberg,6,Regionenliga,Regionenliga 4 · Württemberg,13,5,30,15,SGM Sulgen/Hardt,3,fussball.de
031E2OTKCO00000BVS5489BUVUR5FS5A-G,Württemberg,Württemberg,6,Regionenliga,Regionenliga 5 · Württemberg,12,6,24,17,TSV Lustnau II,3,fussball.de
031E2OTKIO000008VS5489BUVUR5FS5A-G,Württemberg,Württemberg,6,Regionenliga,Regionenliga 6 · Württemberg,13,6,27,17,SV Bergatreute I,3,fussball.de
031FCGP6VO000007VS5489BUVSJ4CRAP-G,Bayern,Bezirk Mittelfranken,7,Bezirksliga,Frauen BZL Nord · Bezirk Mittelfranken,12,12,41,35,STV Deutenbach,6,fussball.de
031FCOKBPO000000VS5489BUVSJ4CRAP-G,Bayern,Bezirk Mittelfranken,7,Bezirksliga,Frauen BZL Süd · Bezirk Mittelfranken,11,9,54,26,SV Leerstetten 2,6,fussball.de
0318D4SMMG000009VS5489BUVSBBVPEU-G,Bayern,Bezirk Niederbayern,7,Bezirksliga,Frauen BZL Ost · Bezirk Niederbayern,8,4,18,12,FSV VfB Straubing,3,fussball.de
0318D4SMU0000008VS5489BUVSBBVPEU-G,Bayern,Bezirk Niederbayern,7,Bezirksliga,Frauen BZL West · Bezirk Niederbayern,8,4,15,12,FC Griesbach,3,fussball.de
031EVJRKJS000006VS5489BUVUR5FS5A-G,Bayern,Bezirk Oberbayern,7,Bezirksliga,Frauen BZL  02 · Bezirk Oberbayern,12,4,13,11,(SG) TSV Haar/TSV Grasbrunn I,3,fussball.de
031EVJRKEK000000VS5489BUVUR5FS5A-G,Bayern,Bezirk Oberbayern,7,Bezirksliga,Frauen BZL 01 · Bezirk Oberbayern,11,5,22,15,DJK Otting 1,3,fussball.de
031DR3UOF4000007VS5489BTVUS470OH-G,Bayern,Bezirk Oberfranken,7,Bezirksliga,Frauen BZL Ost · Bezirk Oberfranken,9,11,45,32,(SG) SV Weidenberg/TSV Bayreuth-St. Johannis,9,fussball.de
031DR3UO7K000006VS5489BTVUS470OH-G,Bayern,Bezirk Oberfranken,7,Bezirksliga,Frauen BZL West · Bezirk Oberfranken,9,8,40,23,(SG) 1.FC Michelau / 1.FC Fortuna Roth,9,fussball.de
0316VDSGSK000006VS5489BTVU7GTVLE-G,Bayern,Bezirk Oberpfalz,7,Bezirksliga,Frauen BZL Nord · Bezirk Oberpfalz,9,7,33,21,(SG) TuS Dachelhofen / SV Haselbach / DJK Ensdorf,6,fussball.de
0316VDSH28000002VS5489BTVU7GTVLE-G,Bayern,Bezirk Oberpfalz,7,Bezirksliga,Frauen BZL Süd · Bezirk Oberpfalz,9,7,33,20,SV Wenzenbach,6,fussball.de
031BE7174G000007VS5489BUVUR5FS5A-G,Bayern,Bezirk Schwaben,7,Bezirksliga,Frauen BZL Nord · Bezirk Schwaben,11,5,19,15,SpVgg Joshofen Bergheim,6,fussball.de
031BE717FS000007VS5489BUVUR5FS5A-G,Bayern,Bezirk Schwaben,7,Bezirksliga,Frauen BZL Süd · Bezirk Schwaben,10,8,35,22,FC Blonhofen 1,6,fussball.de
03196OOA6K00001EVS5489BTVSK8S3O6-G,Bayern,Bezirk Unterfranken,7,Bezirksliga,Frauen BZL 01 · Bezirk Unterfranken,8,0,0,0,(SG) FSV Feldkahl/TSV Keilberg,0,fussball.de
03196OOC0S000029VS5489BTVSK8S3O6-G,Bayern,Bezirk Unterfranken,7,Bezirksliga,Frauen BZL 02 · Bezirk Unterfranken,8,0,0,0,(SG) FC Thulba/Schönderling/Schondra/Oehrberg/Waldfenster/Lauter,0,fussball.de
0314CF1BNG00000FVS5489BTVU7GTVLE-G,Hamburg,Kreisebene Hamburg,7,Kreisliga,FKL 01 · Kreisebene Hamburg,13,17,148,50,VfL Pinneberg 1.Fr.,9,fussball.de
0314CF1BV000000FVS5489BTVU7GTVLE-G,Hamburg,Kreisebene Hamburg,7,Kreisliga,FKL 02 · Kreisebene Hamburg,13,18,105,51,Rahlstedt 2.Fr.,9,fussball.de
031F0B2R7C00000CVS5489BTVUS470OH-G,Hessen,Region Darmstadt,7,Oberliga (Region),FKOL DA · Region Darmstadt,11,16,80,46,SV Winterkasten,9,fussball.de
031EVOL33C00000BVS5489BTVUS470OH-G,Hessen,Region Frankfurt,7,Oberliga (Region),KOL Frankfurt · Region Frankfurt,9,11,58,31,Spvgg. 08 Bad Nauheim,9,fussball.de
031F9S09RO00000AVS5489BUVSJ4CRAP-G,Hessen,Region Gießen / Marburg,7,Oberliga (Region),FKOL GI/MR Gr. 1 · Region Gießen / Marburg,11,20,75,58,FSV Friedensdorf,12,fussball.de
031F9S0A6400000BVS5489BUVSJ4CRAP-G,Hessen,Region Gießen / Marburg,7,Oberliga (Region),FKOL GI/MR Gr. 2 · Region Gießen / Marburg,10,10,27,28,SVP Fauerbach,10,fussball.de
031HSVVFR400000BVS5489BUVVKNMR0J-G,Hessen,Region Kassel,7,Oberliga (Region),FKOL KS · Region Kassel,9,14,71,41,TSV Hertingshausen,12,fussball.de
031F004GGG00000BVS5489BTVUS470OH-G,Hessen,Region Wiesbaden,7,Oberliga (Region),FKOL WI Gr. 1 · Region Wiesbaden,7,12,88,35,FSG Schwalbach/Niederhöchstadt II,9,fussball.de
031FA3HIP8000004VS5489BUVSJ4CRAP-G,Hessen,Region Wiesbaden,7,Oberliga (Region),FKOL WI Gr. 2 · Region Wiesbaden,7,10,60,30,FSG Geisenheim- Erbach,9,fussball.de
031FNFM0U4000005VS5489BTVVG7L386-G,Mittelrhein,Kreis Aachen,7,Kreisliga A,Kreisliga Aachen,12,6,39,18,SV Sportfreunde Hörn III,3,fussball.de
031FMBGCLK000004VS5489BTVUS470OH-G,Mittelrhein,Kreis Berg,7,Kreisliga A,Kreisliga A · Kreis Berg,14,18,87,45,DJK Wipperfeld 1959 e.V.,9,fussball.de
031BOIP720000004VS5489BTVUS470OH-G,Mittelrhein,Kreis Bonn,7,Kreisliga A,Frauen Kreisliga A · Kreis Bonn,10,3,10,8,TuRa Oberdrees,3,fussball.de
031P3E39FG000003VS5489BTVT8K11BC-G,Mittelrhein,Kreis Düren,7,Kreisliga A,Kreisliga A Frauen Düren/Heinsberg,10,1,6,3,FC Concordia Haaren,3,fussball.de
031OLMV2P8000004VS5489BTVV1LNS7C-G,Mittelrhein,Kreis Euskirchen,7,Kreisliga A,Frauen KL A · Kreis Euskirchen,12,6,46,18,VFL Kommern 2,3,fussball.de
030TOD9FC4000003VS5489BUVSOV43J9-G,Mittelrhein,Kreis Köln,7,Kreisliga A,Kreisliga A - Frauen · Kreis Köln,13,12,72,36,DJK Südwest III,9,fussball.de
031QKMK61O000004VS5489BUVSV0FPBG-G,Mittelrhein,Kreis Sieg,7,Kreisliga A,Frauen Kreisliga A · Kreis Sieg,9,4,35,11,SV Allner-Bödingen 3,3,fussball.de
031FU6U64C00000FVS5489BUVSJ4CRAP-G,Niederrhein,Kreis Düsseldorf,7,Kreisliga A,Frauen-Kreisliga Gruppe 1 · Kreis Düsseldorf,13,17,140,50,DJK Sportfreunde Gerresheim,9,fussball.de
031G0FMPS4000009VS5489BUVSJ4CRAP-G,Niederrhein,Kreis Essen,7,Kreisliga A,Frauen-Kreisliga Gruppe 3 · Kreis Essen,14,21,118,61,SSVg 09/12 Heiligenhaus (9er),9,fussball.de
031G0KED0C000007VS5489BUVSJ4CRAP-G,Niederrhein,Kreis Grevenbroich-Neuss,7,Kreisliga A,Frauen-Kreisliga Gruppe 6 · Kreis Grevenbroich-Neuss,14,20,116,59,1.FC Grevenbroich-Süd 12/77,9,fussball.de
031G0I78HK000000VS5489BUVSJ4CRAP-G,Niederrhein,Kreis Kempen-Krefeld,7,Kreisliga A,Frauen-Kreisliga Gruppe 5 · Kreis Kempen-Krefeld,14,20,170,50,SC Blau-Weiß Auwel-Holt,9,fussball.de
031G0PR1MS000005VS5489BUVSJ4CRAP-G,Niederrhein,Kreis Moers,7,Kreisliga A,Frauen Kreisliga A Gruppe 7 · Kreis Moers,14,21,160,61,TSV Weeze,9,fussball.de
031G0GMSC0000008VS5489BUVSJ4CRAP-G,Niederrhein,Kreis Oberhausen-Bottrop,7,Kreisliga A,Frauen-Kreisliga Gruppe 4 · Kreis Oberhausen-Bottrop,14,15,106,45,Duisburger SV 1900,9,fussball.de
031G0E5QFS000004VS5489BUVSJ4CRAP-G,Niederrhein,Kreis Wuppertal-Niederberg,7,Kreisliga A,Frauen-Kreisliga Gruppe 2 · Kreis Wuppertal-Niederberg,13,11,51,32,SG Hackenberg,6,fussball.de
031NMHED78000004VS5489BUVT2M8LCU-G,Niedersachsen,Kreis Braunschweig,7,Kreisliga,Frauen Kreisliga A Braunschweig,11,9,51,27,FSG Schwülper-Vordorf-Adenbüttel/Rethen,6,fussball.de
031EM26E60000001VS5489BTVUS470OH-G,Niedersachsen,Kreis Braunschweig,7,Kreisliga,Frauen Kreisliga B Braunschweig,6,5,51,15,SV Eischott (9er),6,fussball.de
03153PKDB0000008VS5489BUVSBBVPEU-G,Niedersachsen,Kreis Cuxhaven,7,Kreisliga,Frauen Kreisliga · Kreis Cuxhaven,8,10,44,30,FC Land Wursten (7er),12,fussball.de
031EAMUNMC000003VS5489BTVUS470OH-G,Niedersachsen,Kreis Diepholz,7,Kreisliga,Kreisliga Frauen · Kreis Diepholz,10,14,112,42,SG Rathlosen/L,9,fussball.de
0318JGRN2S000005VS5489BTVSK8S3O6-G,Niedersachsen,Kreis Emsland,7,Kreisliga,Frauen Kreisliga Ems-Vechte · Kreis Emsland,14,36,163,103,SV Olympia Laxten,16,fussball.de
03168M09SG000004VS5489BUVSBBVPEU-G,Niedersachsen,Kreis Göttingen-Osterode,7,Kreisliga,Kreisliga Frauen · Kreis Göttingen-Osterode,13,25,87,71,FC Weser,10,fussball.de
031A9HJLUO000004VS5489BTVSK8S3O6-G,Niedersachsen,Kreis Heide-Wendland,7,Kreisliga,Frauenkreisliga · Kreis Heide-Wendland,9,16,101,47,SG Woltersdorf/Dannenberg,15,fussball.de
03172M1UU8000004VS5489BUVSBBVPEU-G,Niedersachsen,Kreis Heidekreis,7,Kreisliga,Kreisliga Frauen Heidekreis,8,8,47,24,SV Böhme II (7er),9,fussball.de
031D6SP528000004VS5489BUVUR5FS5A-G,Niedersachsen,Kreis Hildesheim-Holzminden,7,Kreisliga,Kreisliga Hildesheim/Holzminden · Kreis Hildesheim-Holzminden,9,16,86,48,VFB Negenborn,9,fussball.de
031DNOG2O0000004VS5489BTVUS470OH-G,Niedersachsen,Kreis Jade-Weser-Hunte,7,Kreisliga,Frauen Kreisliga JWH QR · Kreis Jade-Weser-Hunte,7,12,67,34,TuS Eversten,8,fussball.de
031EFISAMK000006VS5489BUVUR5FS5A-G,Niedersachsen,Kreis Nienburg,7,Kreisliga,Frauen Kreisliga Nienburg,11,10,49,28,TuS Drakenburg (9er),7,fussball.de
0316EAM4T8000007VS5489BUVSBBVPEU-G,Niedersachsen,Kreis Osnabrück,7,Kreisliga,Kreisliga Osnabrück,10,13,41,34,SG Eversburg/Gaste-Hasbergen/Hellern,7,fussball.de
0317IM2VPK000004VS5489BUVSBBVPEU-G,Niedersachsen,Kreis Osterholz,7,Kreisliga,Kreisliga Frauen OHZ/VER · Kreis Osterholz,8,7,35,20,TSV Dannenberg,6,fussball.de
031CO452U8000004VS5489BUVUR5FS5A-G,Niedersachsen,Kreis Ostfriesland,7,Kreisliga,Ostfrieslandliga,10,16,89,45,VfB Germania Wiesmoor,9,fussball.de
03154LACGC00000AVS5489BUVSBBVPEU-G,Niedersachsen,Kreis Region Hannover,7,Kreisliga,Frauen Kreisliga Staffel 1 · Kreis Region Hannover,8,11,65,32,TSV Groß Munzel,9,fussball.de
03154LACNG00000AVS5489BUVSBBVPEU-G,Niedersachsen,Kreis Region Hannover,7,Kreisliga,Frauen Kreisliga Staffel 2 · Kreis Region Hannover,10,17,93,49,SV Germania Helstorf,12,fussball.de
03181DLOQO000005VS5489BTVU7GTVLE-G,Niedersachsen,Kreis Rotenburg,7,Kreisliga,Frauen Kreisliga Rotenburg,12,12,59,35,TuS Westerholz,7,fussball.de
031CHGIMSS000004VS5489BTVUS470OH-G,Niedersachsen,Kreis Schaumburg,7,Kreisliga,Kreisliga Hameln-Pymont/Schaumburg Staffel B,6,4,20,12,SG Deckbergen-Schaumburg/Fischbeck II (9er),6,fussball.de
031CHGC3MC000004VS5489BTVUS470OH-G,Niedersachsen,Kreis Schaumburg,7,Kreisliga,Kreisliga Hameln-Pyrmont/Schaumburg Staffel A,7,8,46,23,SC Inter Holzhausen,6,fussball.de
0318KFE3TC00000AVS5489BUVV628VP4-G,Niedersachsen,Kreis Stade,7,Kreisliga,Frauen Kreisliga Stade/Harburg,10,15,75,45,SG Buchholzer FC/SV Holm-S.,9,fussball.de
031835JM6C000004VS5489BUVSBBVPEU-G,Niedersachsen,Kreis Vechta,7,Kreisliga,Kreisliga Vechta CLP OL-Land - VEC,10,16,49,41,SV Carum,9,fussball.de
031DCEHODS000004VS5489BUVUR5FS5A-G,Sachsen,Kreis Westlausitz,7,1.Kreisliga (A),Kreisliga Westlausitz,15,13,72,38,SpG SG Blau-Weiß Obercunnersdorf,9,fussball.de
031M5A2J94000002VS5489BTVSRD0UH9-G,Schleswig-Holstein,Kreis Herzogtum Lauenburg,7,Kreisklasse A,Kreisklasse A Süd-Ost · Kreis Herzogtum Lauenburg,8,6,21,17,TSV Siems II (7er),4,fussball.de
031JJ36HR4000004VS5489BTVSRD0UH9-G,Schleswig-Holstein,Kreis Kiel,7,Kreisklasse A,Kreisklasse A  Mitte/Ost · Kreis Kiel,7,3,17,9,Heikendorfer SV (9er),3,fussball.de
031LG3V0J4000004VS5489BTVSRD0UH9-G,Schleswig-Holstein,Kreis Nordfriesland,7,Kreisklasse A,Frauen KKA N-W (NF) · Kreis Nordfriesland,7,3,26,9,SC Norddörfer (7er),6,fussball.de
031LFAO8HS000004VS5489BTVSRD0UH9-G,Schleswig-Holstein,Kreis Schleswig-Flensburg,7,Kreisklasse A,Frauen KKA N-O (SL-FL) · Kreis Schleswig-Flensburg,8,10,55,30,SV Grün-Weiss Tolk (7er),9,fussball.de
031M6KFOP4000003VS5489BTVSRD0UH9-G,Schleswig-Holstein,Kreis Segeberg,7,Kreisklasse A,Frauen Kreisklasse A Süd · Kreis Segeberg,9,10,64,29,SC Elmenhorst (7er),9,fussball.de
0319TO1R5S00000CVS5489BUVV628VP4-G,Südbaden,Bodensee,7,1.Kreisliga (A),Frauen Kreisliga A · Bodensee,12,0,0,0,FC Hilzingen 2,0,fussball.de
031HINM30G00000EVS5489BUVSJ4CRAP-G,Südbaden,Freiburg,7,1.Kreisliga (A),Frauen Kreisliga A · Freiburg,13,5,20,14,SG Buchenbach/Oberried 2,3,fussball.de
031HAA6V1G000004VS5489BUVSJ4CRAP-G,Südbaden,Offenburg,7,1.Kreisliga (A),Kreisliga A 1 · Offenburg,6,0,0,0,FC Ohlsbach,0,fussball.de
031HAAOB8O000004VS5489BUVSJ4CRAP-G,Südbaden,Offenburg,7,1.Kreisliga (A),Kreisliga A 2 · Offenburg,6,0,0,0,FV Auenheim,0,fussball.de
031I7M3GN4000004VS5489BUVVKNMR0J-G,Südbaden,Schwarzwald,7,1.Kreisliga (A),Kreisliga A1 Frauen · Schwarzwald,11,0,0,0,DJK Donaueschingen,0,fussball.de
031LOM6FKC000002VS5489BTVSRD0UH9-G,Westfalen,Kreis Ahaus-Coesfeld,7,Kreisliga A,Frauen Kreisliga A Ahaus-Coesfeld,16,40,204,112,SC Ahle,12,fussball.de
031KRB8FGO000007VS5489BUVVKNMR0J-G,Westfalen,Kreis Arnsberg,7,Kreisliga A,Kreisliga A Arnsberg/HSK/Olpe,12,11,46,32,SG Grevenstein/Hellefeld-Altenhellefeld,6,fussball.de
031AROBD8G000004VS5489BTVSK8S3O6-G,Westfalen,Kreis Beckum,7,Kreisliga A,Frauen Kreisliga A Beckum-Gütersloh,11,8,39,23,SpVgg Oelde,6,fussball.de
03139CLFSK00000HVS5489BUVSBBVPEU-G,Westfalen,Kreis Bielefeld,7,Kreisliga A,Kreisliga A · Kreis Bielefeld,11,10,67,27,VfL Theesen,6,fussball.de
0319THQ5EO000004VS5489BUVV628VP4-G,Westfalen,Kreis Bochum,7,Kreisliga A,Frauen Kreisliga A Bochum,15,23,141,65,SG Wattenscheid 09,9,fussball.de
031340MNQO000004VS5489BUVSBBVPEU-G,Westfalen,Kreis Dortmund,7,Kreisliga A,Kreisliga A - Dortmund / Hagen,15,25,108,64,SC Berchum/Garenfeld 53/74,9,fussball.de
031DDHDRBS000009VS5489BTVUS470OH-G,Westfalen,Kreis Herne,7,Kreisliga A,Frauen Kreisliga  A HER/GE/RE · Kreis Herne,15,26,194,75,BWW Langenbochum,9,fussball.de
031EL7514800000AVS5489BTVUS470OH-G,Westfalen,Kreis Iserlohn,7,Kreisliga A,Frauen KL A Iserlohn/Lüdenscheid/Arnsberg,10,8,50,23,FFC Lüdenscheid,6,fussball.de
031O39Q850000004VS5489BTVV1LNS7C-G,Westfalen,Kreis Lippstadt,7,Kreisliga A,Kreisliga A  Lippstadt/Soest,8,16,102,47,SuS Störmede,12,fussball.de
031HA3R4QO000008VS5489BUVSJ4CRAP-G,Westfalen,Kreis Lübbecke,7,Kreisliga A,Frauen Kreisliga A HF/LE/MI/LK · Kreis Lübbecke,12,9,34,25,BSC Blasheim,4,fussball.de
031HT6D5G0000008VS5489BUVVKNMR0J-G,Westfalen,Kreis Münster,7,Kreisliga A,Frauen Kreisliga A · Kreis Münster,9,9,37,25,DJK Borussia Münster II,7,fussball.de
031I8CLV30000004VS5489BTVSRD0UH9-G,Westfalen,Kreis Paderborn,7,Kreisliga A,Frauen Kreisliga A PB/DT/HX · Kreis Paderborn,14,27,168,79,SG Fürstenberg/Alme,12,fussball.de
031F18VB8O000004VS5489BTVUS470OH-G,Westfalen,Kreis Siegen-Wittgenstein,7,Kreisliga A,Frauen Kreisliga A - SIWI · Kreis Siegen-Wittgenstein,10,8,49,23,SV Fortuna Freudenberg III,6,fussball.de
031HMP0DSO000004VS5489BUVVKNMR0J-G,Westfalen,Kreis Steinfurt,7,Kreisliga A,Kreisliga A Steinfurt - Tecklenburg,14,27,116,80,SC Preußen Lengerich,12,fussball.de
031BT4I5K4000000VS5489BTVUS470OH-G,Westfalen,Kreis Unna-Hamm,7,Kreisliga A,Frauen Kreisliga A Unna/Hamm · Kreis Unna-Hamm,15,22,167,59,FC TuRa Bergkamen,12,fussball.de
031H8043F4000004VS5489BUVSJ4CRAP-G,Württemberg,Bezirk Alb,7,Bezirksliga,Bezirksliga · Bezirk Alb,6,0,0,0,FC Rottenburg,0,fussball.de
0316NG2AF000000DVS5489BUVSBBVPEU-G,Württemberg,Bezirk Bodensee,7,Bezirksliga,Bezirksliga · Bezirk Bodensee,11,4,13,10,SGM SC Unterzeil/Dietmanns/Hauerz/Aitrach,3,fussball.de
031C3HGM6S00000BVS5489BUVUR5FS5A-G,Württemberg,Bezirk Donau/Iller,7,Bezirksliga,Bezirksliga · Bezirk Donau/Iller,12,5,30,14,SV Scharenstetten,3,fussball.de
031DG6GDDS000007VS5489BUVUR5FS5A-G,Württemberg,Bezirk Enz/Murr,7,Bezirksliga,Bezirksliga · Bezirk Enz/Murr,13,5,27,14,TSV Schafhausen,3,fussball.de
031F589R8K000004VS5489BUVSJ4CRAP-G,Württemberg,Bezirk Franken,7,Bezirksliga,Bezirksliga · Bezirk Franken,7,3,8,9,SGM Amrichshausen/Westernhausen/Krautheim,3,fussball.de
03164IGUOK000004VS5489BTVU7GTVLE-G,Württemberg,Bezirk Neckar/Fils,7,Bezirksliga,Bezirksliga · Bezirk Neckar/Fils,6,3,16,9,TSV Baltmannsweiler,3,fussball.de
031NBJ6SA4000004VS5489BTVV1LNS7C-G,Württemberg,Bezirk Nordschwarzwald,7,Bezirksliga,Bezirksliga Nordschwarzwald,8,0,0,0,SGM Bergfelden/Vöhringen,0,fussball.de
031I0AN018000001VS5489BUVVKNMR0J-G,Württemberg,Bezirk Oberschwaben,7,Bezirksliga,Bezirksliga · Bezirk Oberschwaben,11,4,13,11,SV Reinstetten,3,fussball.de
031M3SQJ4000000DVS5489BUVVKNMR0J-G,Württemberg,Bezirk Ostwürttemberg,7,Bezirksliga,Bezirksliga · Bezirk Ostwürttemberg,6,0,0,0,FC Ellwangen II,0,fussball.de
031LH7MI8G000005VS5489BTVSRD0UH9-G,Württemberg,Bezirk Rems/Murr/Hall,7,Bezirksliga,Bezirksliga · Bezirk Rems/Murr/Hall,9,0,0,0,FC Welzheim 06,0,fussball.de
031G5494G0000006VS5489BUVSJ4CRAP-G,Württemberg,Bezirk Schwarzwald/Zollern,7,Bezirksliga,Bezirksliga · Bezirk Schwarzwald/Zollern,10,0,0,0,FV Rot-Weiß Ebingen,0,fussball.de
03160HUGV8000000VS5489BUVSBBVPEU-G,Württemberg,Bezirk Stuttgart/Böblingen,7,Bezirksliga,Bezirksliga · Bezirk Stuttgart/Böblingen,9,0,0,0,1. FC Lauchhau-Lauchäcker 04,0,fussball.de
031BE90RT8000005VS5489BUVUR5FS5A-G,Bayern,Kreis Allgäu,8,Kreisliga,Frauen KL 01 · Kreis Allgäu,5,4,22,10,VfB Durach,4,fussball.de
03195HTEMS000001VS5489BUVV628VP4-G,Bayern,Kreis Amberg/Weiden,8,Kreisliga,Frauen KL 01 · Kreis Amberg/Weiden,8,4,19,12,(SG) SpVgg Ebermannsdorf / TuS Rosenberg,3,fussball.de
0319U1JDFS000059VS5489BUVV628VP4-G,Bayern,Kreis Aschaffenburg,8,Kreisliga,Frauen KL 01 · Kreis Aschaffenburg,8,0,0,0,Elsava 1913 Elsenfeld 2,0,fussball.de
031BE9QCF4000006VS5489BUVUR5FS5A-G,Bayern,Kreis Augsburg,8,Kreisliga,Frauen KL 02 · Kreis Augsburg,10,8,31,24,SV Prittriching,6,fussball.de
031BE9QCKS000006VS5489BUVUR5FS5A-G,Bayern,Kreis Augsburg,8,Kreisliga,Frauen KL 03 · Kreis Augsburg,11,8,33,23,FC Loppenhausen 2,6,fussball.de
031DS8RQ54000007VS5489BUVUR5FS5A-G,Bayern,Kreis Bamberg/Bayreuth/Kulmb.,8,Kreisliga,Frauen KL Süd · Kreis Bamberg/Bayreuth/Kulmb.,12,16,62,46,(SG) 1.FC Viereth/SPVGG ROSSSTADT,9,fussball.de
03195J7FIC000006VS5489BUVV628VP4-G,Bayern,Kreis Cham/Schwandorf,8,Kreisliga,Frauen KL 02 · Kreis Cham/Schwandorf,7,3,12,9,SV Wilting 2,3,fussball.de
031DRU7NNS000004VS5489BUVUR5FS5A-G,Bayern,Kreis Coburg/Kronach/Lichtenf.,8,Kreisliga,Frauen KL Nord · Kreis Coburg/Kronach/Lichtenf.,12,14,71,41,Sp.Vg Eicha II (flex),7,fussball.de
031BEATBIG000006VS5489BUVUR5FS5A-G,Bayern,Kreis Donau,8,Kreisliga,Frauen KL 04 · Kreis Donau,10,10,52,29,VfB Oberndorf,6,fussball.de
030VA1BKMK00005IVS5489BUVVARDA0V-G,Bayern,Kreis Donau/Isar,8,Kreisliga,Frauen KL 04 · Kreis Donau/Isar,10,5,23,14,(SG) ST Scheyern / FC Gerolsbach 2,3,fussball.de
031GNTFAIC000004VS5489BUVSJ4CRAP-G,Bayern,Kreis Erlangen/Pegnitzgrund,8,Kreisliga,Frauen Kreisliga · Kreis Erlangen/Pegnitzgrund,10,4,18,12,FC Wichsenstein,3,fussball.de
031DS4HJK4000005VS5489BUVUR5FS5A-G,Bayern,Kreis Hof/Tirschenr./Wunsiedel,8,Kreisliga,Frauen KL Ost · Kreis Hof/Tirschenr./Wunsiedel,10,9,37,25,TSV Engelmannsreuth,6,fussball.de
031CIME7AC00003OVS5489BTVUS470OH-G,Bayern,Kreis Inn/Salzach,8,Kreisliga,Frauen KL 03 · Kreis Inn/Salzach,9,4,25,11,TSV Altenmarkt/Alz,3,fussball.de
031HCC6CE0000003VS5489BUVSJ4CRAP-G,Bayern,Kreis München,8,Kreisliga,Frauen KL 01 · Kreis München,11,5,23,14,DJK Pasing,3,fussball.de
031HBHH480000007VS5489BTVVG7L386-G,Bayern,Kreis Neumarkt/Jura,8,Kreisliga,Frauen Kreisliga · Kreis Neumarkt/Jura,10,5,25,15,(SG) DJK Veitsaurach/TSC Weissenbronn1,3,fussball.de
0319TE344C000006VS5489BTVSK8S3O6-G,Bayern,Kreis Niederbayern Ost,8,Kreisliga,Frauen KL Ost · Kreis Niederbayern Ost,9,4,21,12,(SG) SV Bernried/SpVgg Plattling/SV Deggenau,3,fussball.de
0319TE5J14000007VS5489BTVSK8S3O6-G,Bayern,Kreis Niederbayern West,8,Kreisliga,Frauen KL West · Kreis Niederbayern West,9,4,21,11,VfR Laberweinting,3,fussball.de
031J8NURMK000004VS5489BUVVKNMR0J-G,Bayern,Kreis Nürnberg/Frankenhöhe,8,Kreisliga,Frauen Kreisliga · Kreis Nürnberg/Frankenhöhe,11,5,16,14,SGV Nürnberg-Fürth 2,3,fussball.de
03195JV0C4000006VS5489BUVV628VP4-G,Bayern,Kreis Regensburg,8,Kreisliga,Frauen KL 03 · Kreis Regensburg,7,2,11,6,TSV Brunn,3,fussball.de
0319U59JCC000004VS5489BUVV628VP4-G,Bayern,Kreis Rhön,8,Kreisliga,Frauen KL 03 · Kreis Rhön,9,4,19,11,FC Rottershausen,3,fussball.de
0319U26MJO00000EVS5489BUVV628VP4-G,Bayern,Kreis Würzburg,8,Kreisliga,Frauen KL 02 · Kreis Würzburg,9,3,9,9,(SG)TV 73 Würzburg/DJK Würzburg 2,3,fussball.de
031E59M414000004VS5489BTVUS470OH-G,Bayern,Kreis Zugspitze,8,Kreisliga,Frauen KL 02 · Kreis Zugspitze,9,2,13,6,SC Eibsee Grainau,3,fussball.de
0314CMEQSG00000DVS5489BTVU7GTVLE-G,Hamburg,Kreisebene Hamburg,8,Sonderklasse,FSK 01 Herbst · Kreisebene Hamburg,11,17,77,50,Rugenbergen 1.Fr. 7er,9,fussball.de
0314CMER5400000FVS5489BTVU7GTVLE-G,Hamburg,Kreisebene Hamburg,8,Sonderklasse,FSK 02 Herbst · Kreisebene Hamburg,11,19,58,55,Reinbek 2.Fr. 7er,10,fussball.de
031DO63Q5C00000AVS5489BUVUR5FS5A-G,Hessen,Region Frankfurt,8,A-Liga (Region),Kreisliga A FFM Gr. 1 · Region Frankfurt,9,12,47,35,1. FFV´97 Oberursel II,9,fussball.de
031DO63PRO00000AVS5489BUVUR5FS5A-G,Hessen,Region Frankfurt,8,A-Liga (Region),Kreisliga A FFM Gr. 2 · Region Frankfurt,10,15,88,44,SG Egelsbach II,15,fussball.de
031BOK84K8000004VS5489BTVUS470OH-G,Mittelrhein,Kreis Bonn,8,Kreisliga B,Frauen Kreisliga B · Kreis Bonn,13,17,84,42,SV SW Merzbach 1933 e.V.,9,fussball.de
0317A162O8000004VS5489BUVSBBVPEU-G,Niedersachsen,Kreis Bentheim,8,1.Kreisklasse,1. Kreisklasse Ems/Vechte Süd · Kreis Bentheim,10,19,74,53,SG Holthausen Biene / Altenlingen 9er,12,fussball.de
031I5MMD28000000VS5489BTVSRD0UH9-G,Niedersachsen,Kreis Braunschweig,8,1.Kreisklasse,Frauen  1.Kreisklasse Braunschweig Ost,6,6,35,18,SV Esbeck,9,fussball.de
031I5OT5TO000005VS5489BTVSRD0UH9-G,Niedersachsen,Kreis Braunschweig,8,1.Kreisklasse,Frauen  1.Kreisklasse Braunschweig West,6,6,30,18,LFC Olympia Braunschweig,6,fussball.de
03155BU19K000002VS5489BUVSBBVPEU-G,Niedersachsen,Kreis Emsland,8,1.Kreisklasse,Frauen 1. KKL Ems-Vechte Mitte · Kreis Emsland,12,26,166,74,SV Polle (11er),13,fussball.de
03155BU134000006VS5489BUVSBBVPEU-G,Niedersachsen,Kreis Emsland,8,1.Kreisklasse,Frauen 1. KKL Ems-Vechte Nord · Kreis Emsland,12,29,157,82,SV Eintracht Neulangen II (9er),15,fussball.de
031D70KNI8000003VS5489BUVUR5FS5A-G,Niedersachsen,Kreis Hildesheim-Holzminden,8,1.Kreisklasse,1. Kreisklasse Hildesheim/Holzminden · Kreis Hildesheim-Holzminden,12,25,76,67,SG Wohldenberg/ Ambergau,12,fussball.de
031DNQ1D3C000003VS5489BTVUS470OH-G,Niedersachsen,Kreis Jade-Weser-Hunte,8,1.Kreisklasse,Frauen 1. Kreisklasse Staffel 1 JWH QR · Kreis Jade-Weser-Hunte,7,9,52,27,1.FC Ohmstede II,9,fussball.de
031DNQ83I0000004VS5489BTVUS470OH-G,Niedersachsen,Kreis Jade-Weser-Hunte,8,1.Kreisklasse,Frauen 1. Kreisklasse Staffel 2 JWH QR · Kreis Jade-Weser-Hunte,7,8,33,21,SV Eintracht Oldenburg II,7,fussball.de
031EQ3GG5O000003VS5489BUVUR5FS5A-G,Niedersachsen,Kreis Nordharz,8,1.Kreisklasse,1.Kreisklasse · Kreis Nordharz,11,14,68,42,WSV Wiedelah (7er),9,fussball.de
031BO0GMJO000004VS5489BUVUR5FS5A-G,Niedersachsen,Kreis Northeim-Einbeck,8,1.Kreisklasse,1.Kreisklasse Staffel 1 · Kreis Northeim-Einbeck,8,9,37,26,SC HarzTor II,6,fussball.de
0316EAOQ1G000004VS5489BUVSBBVPEU-G,Niedersachsen,Kreis Osnabrück,8,1.Kreisklasse,1. Kreisklasse Osnabrück Staffel A,10,14,105,42,SG Alfhausen/Hesepe-Sögeln/Rieste,9,fussball.de
0316EAOQ8400000BVS5489BUVSBBVPEU-G,Niedersachsen,Kreis Osnabrück,8,1.Kreisklasse,1. Kreisklasse Osnabrück Staffel B,9,9,70,27,SG Gretesch / OSC IV 9er,12,fussball.de
031CO536QG000004VS5489BUVUR5FS5A-G,Niedersachsen,Kreis Ostfriesland,8,1.Kreisklasse,"Ostfrieslandklasse A, Staffel A",8,15,78,43,TB Twixlum e.V. 2,9,fussball.de
031CO5750C000004VS5489BUVUR5FS5A-G,Niedersachsen,Kreis Ostfriesland,8,1.Kreisklasse,"Ostfrieslandklasse A, Staffel B",8,15,69,39,SV Grossefehn,8,fussball.de
031558T1J400000BVS5489BTVU7GTVLE-G,Niedersachsen,Kreis Region Hannover,8,1.Kreisklasse,Frauen Kreisklasse Staffel 1 · Kreis Region Hannover,9,12,90,36,SV Frielingen (7er),6,fussball.de
031558T1QG00000BVS5489BTVU7GTVLE-G,Niedersachsen,Kreis Region Hannover,8,1.Kreisklasse,Frauen Kreisklasse Staffel 2 · Kreis Region Hannover,8,11,81,31,VfL Eintracht Hannover IV (7er),9,fussball.de
0317CS3NJS000004VS5489BUVSBBVPEU-G,Niedersachsen,Kreis Region Hannover,8,1.Kreisklasse,Frauen Kreisklasse Staffel 3 · Kreis Region Hannover,8,16,68,44,TUS Marathon (9er),9,fussball.de
031B6CALUS000007VS5489BTVSK8S3O6-G,Niedersachsen,Kreis Rotenburg,8,1.Kreisklasse,Frauen Kreisklasse · Kreis Rotenburg,11,13,46,37,TV Stemmen 9er,6,fussball.de
0319JRKGTS00000AVS5489BUVV628VP4-G,Niedersachsen,Kreis Stade,8,1.Kreisklasse,Frauen 1. Kreisklasse Stade/Harburg Nord,7,8,47,24,TSV Großenwörden 11er,6,fussball.de
0319RJP174000009VS5489BUVV628VP4-G,Niedersachsen,Kreis Stade,8,1.Kreisklasse,Frauen 1. Kreisklasse Stade/Harburg Süd,6,4,25,11,VfL Güldenstern Stade II 9er/11er,6,fussball.de
03187JUS9K000004VS5489BTVU7GTVLE-G,Niedersachsen,Kreis Vechta,8,1.Kreisklasse,1.Kreisklasse VEC/CLP/OL-Land-DEL · Kreis Vechta,10,12,60,35,TUS Lutten II 9er,9,fussball.de
031CBUHLKK000004VS5489BTVUS470OH-G,Niedersachsen,Kreis Verden,8,1.Kreisklasse,Kreisklasse Verden/Osterholz,10,13,50,38,TSV Bassen 9er,10,fussball.de
031HSR6J7O00000CVS5489BTVSRD0UH9-G,Sachsen,Kreis Mittelsachsen,8,1.Kreisklasse,Frauen - Kreisklasse · Kreis Mittelsachsen,9,8,44,21,SpG Dittersbach/Hainichen,6,fussball.de
031GL911FO000008VS5489BUVSJ4CRAP-G,Sachsen,Kreis Vogtland,8,1.Kreisklasse,Vogtlandklasse,8,9,44,25,SpG Zobes/Pfaffengrün,7,fussball.de
031I7N0GFO000004VS5489BUVVKNMR0J-G,Südbaden,Schwarzwald,8,2.Kreisliga (B),Kreisliga B Frauen Staffel · Schwarzwald,3,0,0,0,FC Schwandorf-Wornd.-Neuh.,0,fussball.de
031LOUIP78000000VS5489BTVSRD0UH9-G,Westfalen,Kreis Ahaus-Coesfeld,8,Kreisliga B,Frauen Kreisliga B Ahaus-Coesfeld,13,24,108,71,SG Osterwick / Darfeld II,12,fussball.de
031LE19JQO00000DVS5489BTVSRD0UH9-G,Westfalen,Kreis Hagen,8,Kreisliga B,Frauen Kreisliga B DO/HA · Kreis Hagen,18,33,253,96,TSG Fußb. Herdecke (9er),12,fussball.de
031DIO80CG000003VS5489BTVUS470OH-G,Westfalen,Kreis Lemgo,8,Kreisliga B,Frauen Kreisliga B HF/LE/MI/LK · Kreis Lemgo,11,9,73,27,SG Maaslingen/SVKT 07 Minden III 9er,6,fussball.de
031HB9DJH0000006VS5489BTVVG7L386-G,Westfalen,Kreis Münster,8,Kreisliga B,Frauen Kreisliga B · Kreis Münster,11,16,89,43,SC Westfalia Kinderhaus II,10,fussball.de
0316NFT09K000000VS5489BUVSBBVPEU-G,Württemberg,Bezirk Bodensee (K),8,Kreisliga A; Kreisliga,Kreisliga A · Bezirk Bodensee (K),10,5,11,15,SGM FV Bad Waldsee/SV Reute II,3,fussball.de
031FLPVBNG000004VS5489BUVSJ4CRAP-G,Württemberg,Bezirk Franken (K),8,Kreisliga A; Kreisliga,Kreisliga · Bezirk Franken (K),10,0,0,0,FSV Friedrichshaller SV,0,fussball.de
03164C6ARO000004VS5489BTVU7GTVLE-G,Württemberg,Bezirk Neckar/Fils (K),8,Kreisliga A; Kreisliga,Kreisliga A · Bezirk Neckar/Fils (K),10,4,24,12,ASV Spartania Eislingen,3,fussball.de
031LPMEH40000006VS5489BTVSRD0UH9-G,Württemberg,Bezirk Rems/Murr/Hall (K),8,Kreisliga A; Kreisliga,Kreisliga · Bezirk Rems/Murr/Hall (K),8,1,1,3,TSG Kirchberg/Jagst,3,fussball.de
03160IRTKO000005VS5489BUVSBBVPEU-G,Württemberg,Bezirk Stuttgart/Böblingen (K),8,Kreisliga A; Kreisliga,Kreisliga A · Bezirk Stuttgart/Böblingen (K),9,0,0,0,SG Stuttgart-West II,0,fussball.de
030VA1HG5800000KVS5489BUVVARDA0V-G,Bayern,Kreis Donau/Isar,9,Kreisklasse,Frauen KK 04 · Kreis Donau/Isar,6,2,8,6,VfB Pörnbach,3,fussball.de
031B36N9UG000000VS5489BTVSK8S3O6-G,Bayern,Kreis Donau/Isar,9,Kreisklasse,Frauen KK 05 · Kreis Donau/Isar,6,1,6,2,(SG) SC Kirchasch / SV Walpertskirchen,1,fussball.de
031L6EAN2S000004VS5489BTVSRD0UH9-G,Bayern,Kreis Erlangen/Pegnitzgrund,9,Kreisklasse,Frauen Kreisklasse · Kreis Erlangen/Pegnitzgrund,9,3,18,8,SV Osternohe,3,fussball.de
031CIMFU50000000VS5489BTVUS470OH-G,Bayern,Kreis Inn/Salzach,9,Kreisklasse,Frauen KK 03 · Kreis Inn/Salzach,10,4,24,11,TSV 1880 Wasserburg am Inn,3,fussball.de
031HCPI9F4000007VS5489BUVSJ4CRAP-G,Bayern,Kreis München,9,Kreisklasse,Frauen KK 01 · Kreis München,9,4,13,11,FC Dreistern NT,3,fussball.de
031HCPN3B4000004VS5489BUVSJ4CRAP-G,Bayern,Kreis München,9,Kreisklasse,Frauen KK 02 · Kreis München,9,4,13,12,(SG) Post-SV / TSV Milbertshofen / SC Amicitia 2,3,fussball.de
031JABM4Q0000004VS5489BUVVKNMR0J-G,Bayern,Kreis Neumarkt/Jura,9,Kreisklasse,Frauen Kreisklasse · Kreis Neumarkt/Jura,10,5,25,15,SV Segringen 2,3,fussball.de
031J9P9V88000004VS5489BUVVKNMR0J-G,Bayern,Kreis Nürnberg/Frankenhöhe,9,Kreisklasse,Frauen Kreisklasse · Kreis Nürnberg/Frankenhöhe,10,3,18,8,SV Losaurach 2,3,fussball.de
031E5EFFKS000004VS5489BTVUS470OH-G,Bayern,Kreis Zugspitze,9,Kreisklasse,Frauen KK 02 · Kreis Zugspitze,9,4,13,12,SG FC Penzing/FC Hofstetten,3,fussball.de
031FTBVESK000003VS5489BTVVG7L386-G,Niedersachsen,Kreis Ostfriesland,9,2.Kreisklasse,Ostfrieslandklasse B Staffel A,9,12,77,35,SV Wittmund 9er,9,fussball.de
031COCO49C000004VS5489BUVUR5FS5A-G,Niedersachsen,Kreis Ostfriesland,9,2.Kreisklasse,Ostfrieslandklasse B Staffel B,8,14,88,41,SV BW Filsum 9er,13,fussball.de
03187L624G000003VS5489BTVU7GTVLE-G,Niedersachsen,Kreis Vechta,9,2.Kreisklasse,2.Kreisklasse CLP DEL-Ol-Land VEC · Kreis Vechta,12,19,123,54,SV Baris Delmenhorst 9er,10,fussball.de
031CIMH9KS000007VS5489BTVUS470OH-G,Bayern,Kreis Inn/Salzach,10,A Klasse,Frauen A-Klasse 04 · Kreis Inn/Salzach,7,0,0,0,(SG) ASV Au/SV Parsberg,0,fussball.de
031CIMMD08000004VS5489BTVUS470OH-G,Bayern,Kreis Inn/Salzach,10,A Klasse,Frauen A-Klasse 05 · Kreis Inn/Salzach,7,0,0,0,(SG) TSV 66 Polling/FC Mühldorf 1/SpVgg Jettenbach/TSV Gars 2 (flex),0,fussball.de
031IL2MG8G000007VS5489BUVVKNMR0J-G,Bayern,Kreis München,10,A Klasse,Frauen A-Klasse 01 · Kreis München,7,3,8,9,(SG) TSV München-Ost /MSV Bajuwaren 2,3,fussball.de
031IL2MGFG000007VS5489BUVVKNMR0J-G,Bayern,Kreis München,10,A Klasse,Frauen A-Klasse 02 · Kreis München,8,3,17,9,SV Untermenzing 2,3,fussball.de
031E5H71K0000004VS5489BTVUS470OH-G,Bayern,Kreis Zugspitze,10,A Klasse,Frauen A-Klasse 03 · Kreis Zugspitze,9,3,6,8,TuS Holzkirchen,3,fussball.de
